-- phpMyAdmin SQL Dump
-- version 4.0.9
-- http://www.phpmyadmin.net
--
-- Host: 127.0.0.1
-- Generation Time: Jun 29, 2015 at 02:39 PM
-- Server version: 5.5.34
-- PHP Version: 5.4.22

SET SQL_MODE = "NO_AUTO_VALUE_ON_ZERO";
SET time_zone = "+00:00";


/*!40101 SET @OLD_CHARACTER_SET_CLIENT=@@CHARACTER_SET_CLIENT */;
/*!40101 SET @OLD_CHARACTER_SET_RESULTS=@@CHARACTER_SET_RESULTS */;
/*!40101 SET @OLD_COLLATION_CONNECTION=@@COLLATION_CONNECTION */;
/*!40101 SET NAMES utf8 */;

--
-- Database: `theodoi`
--

-- --------------------------------------------------------

--
-- Table structure for table `ds_hv_vang`
--

CREATE TABLE IF NOT EXISTS `ds_hv_vang` (
  `ma_hocvien` char(30) CHARACTER SET utf8 COLLATE utf8_unicode_ci NOT NULL,
  `ma_theodoi` int(11) NOT NULL,
  `phep` varchar(5) DEFAULT '1',
  PRIMARY KEY (`ma_hocvien`,`ma_theodoi`),
  KEY `ma_theodoi` (`ma_theodoi`)
) ENGINE=InnoDB DEFAULT CHARSET=latin1;

--
-- Dumping data for table `ds_hv_vang`
--

INSERT INTO `ds_hv_vang` (`ma_hocvien`, `ma_theodoi`, `phep`) VALUES
('140301', 1, '1'),
('140301', 6, '1'),
('140303', 3, '1'),
('140304', 2, '0'),
('140307', 2, '1'),
('140501', 9, '1'),
('140503', 9, '1'),
('140507', 9, '1');

-- --------------------------------------------------------

--
-- Table structure for table `giao_vien`
--

CREATE TABLE IF NOT EXISTS `giao_vien` (
  `mail` char(100) COLLATE utf8_unicode_ci DEFAULT NULL,
  `sdt` char(11) COLLATE utf8_unicode_ci NOT NULL,
  `ho` varchar(50) COLLATE utf8_unicode_ci DEFAULT NULL,
  `ten` varchar(15) COLLATE utf8_unicode_ci DEFAULT NULL,
  `gioitinh` int(11) DEFAULT NULL,
  `mat_khau` char(250) COLLATE utf8_unicode_ci DEFAULT NULL,
  `cap_bac` int(11) NOT NULL DEFAULT '1',
  PRIMARY KEY (`sdt`)
) ENGINE=InnoDB DEFAULT CHARSET=utf8 COLLATE=utf8_unicode_ci;

--
-- Dumping data for table `giao_vien`
--

INSERT INTO `giao_vien` (`mail`, `sdt`, `ho`, `ten`, `gioitinh`, `mat_khau`, `cap_bac`) VALUES
('huynhthanhxuancnttqk9@gmail.com', '01214972969', 'Hu·ª≥nh Thanh', 'Xu√¢n', NULL, 'e10adc3949ba59abbe56e057f20f883e', 2),
('ndmhoang91@gmail.com', '01299506597', 'Nguy·ªÖn ƒê·∫∑ng Minh', 'Ho√†ng', NULL, 'e10adc3949ba59abbe56e057f20f883e', 1),
('ptd1107kdn@gmail.com', '01682836876', 'Ph·∫°m Tr∆∞·ªùng', 'Duy', NULL, 'e10adc3949ba59abbe56e057f20f883e', 1),
('thanhtuoi2008@gmail.com', '0932885489', 'Nguy·ªÖn Th√†nh', 'T∆∞∆°i', NULL, 'e10adc3949ba59abbe56e057f20f883e', 1),
('nhtrung09@gmail.com', '0949845449', 'Nguy·ªÖn H·ªØu', 'Trung', NULL, 'e10adc3949ba59abbe56e057f20f883e', 1),
('n.k.huan91@gmail.com', '0989826331', 'Nguy·ªÖn Khoa', 'Hu√¢n', 1, 'e10adc3949ba59abbe56e057f20f883e', 2);

-- --------------------------------------------------------

--
-- Table structure for table `hoc_vien`
--

CREATE TABLE IF NOT EXISTS `hoc_vien` (
  `ma_hocvien` char(30) COLLATE utf8_unicode_ci NOT NULL,
  `ma_pc_cn` int(11) NOT NULL,
  `ho_hocvien` varchar(40) COLLATE utf8_unicode_ci NOT NULL,
  `ten_hocvien` varchar(15) COLLATE utf8_unicode_ci NOT NULL,
  `ngay_sinh` date NOT NULL,
  `doi_tuong` char(20) COLLATE utf8_unicode_ci NOT NULL,
  `que_quan` varchar(200) COLLATE utf8_unicode_ci NOT NULL,
  `tinh_trang` char(20) COLLATE utf8_unicode_ci NOT NULL DEFAULT 'hoc',
  PRIMARY KEY (`ma_hocvien`),
  KEY `ma_pc` (`ma_pc_cn`)
) ENGINE=InnoDB DEFAULT CHARSET=utf8 COLLATE=utf8_unicode_ci;

--
-- Dumping data for table `hoc_vien`
--

INSERT INTO `hoc_vien` (`ma_hocvien`, `ma_pc_cn`, `ho_hocvien`, `ten_hocvien`, `ngay_sinh`, `doi_tuong`, `que_quan`, `tinh_trang`) VALUES
('140301', 36, 'L√™ Th√†nh', 'C√¥ng', '0000-00-00', '', '', 'HOC'),
('140302', 36, 'L√™ Minh', 'D∆∞∆°ng', '0000-00-00', '', '', 'HOC'),
('140303', 36, 'L√™ VƒÉn', 'Gi√†u', '0000-00-00', '', '', 'HOC'),
('140304', 36, 'V√µ H·ªØu', 'H∆∞ng', '0000-00-00', '', '', 'HOC'),
('140305', 36, 'Ph·∫°m Ch√≠', 'Mi·ªÅn', '0000-00-00', '', '', 'HOC'),
('140306', 36, 'Nguy·ªÖn Thanh', 'T√¢m', '0000-00-00', '', '', 'HOC'),
('140307', 36, 'Phan VƒÉn', 'Th·∫Øm', '0000-00-00', '', '', 'HOC'),
('140308', 36, 'D∆∞ VƒÉn', 'To√†n', '0000-00-00', '', '', 'HOC'),
('140501', 37, 'Nguy·ªÖn VƒÉn', 'Kh·∫Øp', '0000-00-00', '', '', 'HOC'),
('140502', 37, 'Nguy·ªÖn My', 'Sol', '0000-00-00', '', '', 'HOC'),
('140503', 37, 'Trang S·ªπ Ng·ªçc', '·∫®n', '0000-00-00', '', '', 'HOC'),
('140504', 37, 'L√™ Minh', 'Qu√¢n', '0000-00-00', '', '', 'HOC'),
('140505', 37, 'Tr·ªãnh Thanh', 'Li√™m', '0000-00-00', '', '', 'HOC'),
('140506', 37, 'V√µ Tu·∫•n', 'Anh', '0000-00-00', '', '', 'HOC'),
('140507', 37, 'Tr·∫ßn ƒê·∫Øc', 'Duy', '0000-00-00', '', '', 'HOC'),
('140508', 37, 'Nguy·ªÖn Thanh', 'Vƒ©nh', '0000-00-00', '', '', 'HOC'),
('140509', 37, 'Nguy·ªÖn C√¥ng', 'H·∫≠u', '0000-00-00', '', '', 'HOC'),
('140510', 37, 'Tr·∫ßn H·ªØu', 'ƒê·ª©c', '0000-00-00', '', '', 'HOC'),
('140511', 37, 'Nguy·ªÖn L√™ Anh', 'Tu·∫•n', '0000-00-00', '', '', 'HOC'),
('150401', 38, 'L√™ C√¥ng T·∫•n', 'Anh', '0000-00-00', '', '', 'HOC'),
('150402', 38, 'Phan T·∫•n', 'ƒê·∫°t', '0000-00-00', '', '', 'HOC'),
('150403', 38, 'V√µ Kh√°nh', 'Duy', '0000-00-00', '', '', 'HOC'),
('150404', 38, 'Tr·∫ßn V≈© An', 'Khang', '0000-00-00', '', '', 'HOC'),
('150405', 38, 'Tr·∫ßn VƒÉn Nh·ª±t', 'Khanh', '0000-00-00', '', '', 'HOC'),
('150406', 38, 'Nguy·ªÖn Ph√∫', 'Kh√°nh', '0000-00-00', '', '', 'HOC'),
('150407', 38, 'L√™ Ch√≠', 'Linh', '0000-00-00', '', '', 'HOC'),
('150408', 38, 'L√™ √ù', 'Nguy·ªán', '0000-00-00', '', '', 'HOC'),
('150409', 38, 'Nguy·ªÖn Ho√†ng', 'Sang', '0000-00-00', '', '', 'HOC'),
('150410', 38, 'V√µ Thanh', 'Sang', '0000-00-00', '', '', 'HOC'),
('150411', 38, 'Ph·∫°m T·∫•n', 'T√†i', '0000-00-00', '', '', 'HOC'),
('150412', 38, 'Nguy·ªÖn T·∫•n', 'Th·ªãnh', '0000-00-00', '', '', 'HOC'),
('150501', 39, 'Nguy·ªÖn Ch√¢u Tu·∫•n', 'Duy', '0000-00-00', '', '', 'NGHI'),
('150502', 39, 'L√™ Minh', 'Hi·∫øu', '0000-00-00', '', '', 'HOC'),
('150503', 39, 'B√πi Th·ªã B·∫°ch', 'Huy·ªÅn', '0000-00-00', '', '', 'HOC'),
('150504', 39, 'Nguy·ªÖn Qu·ªëc', 'Kh√°nh', '0000-00-00', '', '', 'HOC'),
('150505', 39, 'ƒê·∫∑ng Minh', 'Kh√¥ng', '0000-00-00', '', '', 'HOC'),
('150506', 39, 'L√™ V≈©', 'Linh', '0000-00-00', '', '', 'HOC'),
('150507', 39, 'Nguy·ªÖn Thanh', 'L√¢m', '0000-00-00', '', '', 'HOC'),
('150508', 39, 'Tr∆∞∆°ng Thanh', 'Nam', '0000-00-00', '', '', 'HOC'),
('150509', 39, 'Ng√¥ ƒê√¨nh H·ªØu', 'Nghƒ©a', '0000-00-00', '', '', 'HOC');

-- --------------------------------------------------------

--
-- Table structure for table `khoa_hoc`
--

CREATE TABLE IF NOT EXISTS `khoa_hoc` (
  `ma_khoa` char(11) COLLATE utf8_unicode_ci NOT NULL,
  `ten_khoa` varchar(200) COLLATE utf8_unicode_ci NOT NULL,
  PRIMARY KEY (`ma_khoa`)
) ENGINE=InnoDB DEFAULT CHARSET=utf8 COLLATE=utf8_unicode_ci COMMENT='sinh viÍn thu?c khÛa h?c';

--
-- Dumping data for table `khoa_hoc`
--

INSERT INTO `khoa_hoc` (`ma_khoa`, `ten_khoa`) VALUES
('K12', 'Kh√≥a 12'),
('K13', 'Kh√≥a 13'),
('K14', 'Kh√≥a 14'),
('K15', 'Kh√≥a 15'),
('k16', 'Kh√≥a 16');

-- --------------------------------------------------------

--
-- Table structure for table `lop`
--

CREATE TABLE IF NOT EXISTS `lop` (
  `ma_lop` char(20) COLLATE utf8_unicode_ci NOT NULL,
  `ten_lop` varchar(200) COLLATE utf8_unicode_ci NOT NULL,
  PRIMARY KEY (`ma_lop`)
) ENGINE=InnoDB DEFAULT CHARSET=utf8 COLLATE=utf8_unicode_ci;

--
-- Dumping data for table `lop`
--

INSERT INTO `lop` (`ma_lop`, `ten_lop`) VALUES
('KTSCLRMT', 'K·ªπ Thu·∫≠t S∆° C·∫•p L·∫Øp R√°p M√°y T√≠nh'),
('UDPM', '·ª®ng D·ª•ng Ph·∫ßn M·ªÅm');

-- --------------------------------------------------------

--
-- Table structure for table `mon_hoc`
--

CREATE TABLE IF NOT EXISTS `mon_hoc` (
  `ma_mon` char(30) COLLATE utf8_unicode_ci NOT NULL,
  `ten_mon` varchar(200) COLLATE utf8_unicode_ci NOT NULL,
  `ly_thuyet` int(11) NOT NULL,
  `thuc_hanh` int(11) NOT NULL,
  PRIMARY KEY (`ma_mon`)
) ENGINE=InnoDB DEFAULT CHARSET=utf8 COLLATE=utf8_unicode_ci;

--
-- Dumping data for table `mon_hoc`
--

INSERT INTO `mon_hoc` (`ma_mon`, `ten_mon`, `ly_thuyet`, `thuc_hanh`) VALUES
('CSDL', 'C∆° S·ªü D·ªØ Li·ªáu', 60, 100),
('CTDLGT', 'C·∫•u Tr√∫c D·ªØ Li·ªáu & Gi·∫£i Thu·∫≠t', 30, 30),
('LTVBN', 'L·∫≠p Tr√¨nh VN.NET', 10, 30),
('PTTKHTTT', 'Ph√¢n T√≠ch Thi·∫øt K·∫ø HTTT', 10, 30),
('TKW', 'Thi·∫øt K·∫ø Web', 30, 60);

-- --------------------------------------------------------

--
-- Table structure for table `phan_cong`
--

CREATE TABLE IF NOT EXISTS `phan_cong` (
  `sdt` char(11) COLLATE utf8_unicode_ci NOT NULL,
  `ma_mon` char(30) COLLATE utf8_unicode_ci NOT NULL,
  PRIMARY KEY (`sdt`,`ma_mon`),
  KEY `ma_mon` (`ma_mon`)
) ENGINE=InnoDB DEFAULT CHARSET=utf8 COLLATE=utf8_unicode_ci;

--
-- Dumping data for table `phan_cong`
--

INSERT INTO `phan_cong` (`sdt`, `ma_mon`) VALUES
('01214972969', 'PTTKHTTT'),
('01214972969', 'TKW');

-- --------------------------------------------------------

--
-- Table structure for table `phan_cong_cn`
--

CREATE TABLE IF NOT EXISTS `phan_cong_cn` (
  `ma_pc_cn` int(11) NOT NULL AUTO_INCREMENT,
  `sdt` char(11) COLLATE utf8_unicode_ci NOT NULL,
  `ma_lop` char(20) COLLATE utf8_unicode_ci NOT NULL,
  `ma_khoa` char(11) COLLATE utf8_unicode_ci NOT NULL,
  PRIMARY KEY (`ma_lop`,`ma_khoa`),
  UNIQUE KEY `ma_pc` (`ma_pc_cn`),
  KEY `ma_khoa` (`ma_khoa`),
  KEY `sdt` (`sdt`)
) ENGINE=InnoDB  DEFAULT CHARSET=utf8 COLLATE=utf8_unicode_ci AUTO_INCREMENT=42 ;

--
-- Dumping data for table `phan_cong_cn`
--

INSERT INTO `phan_cong_cn` (`ma_pc_cn`, `sdt`, `ma_lop`, `ma_khoa`) VALUES
(41, '01299506597', 'KTSCLRMT', 'K13'),
(36, '01214972969', 'KTSCLRMT', 'K14'),
(38, '01682836876', 'KTSCLRMT', 'K15'),
(40, '0949845449', 'UDPM', 'K13'),
(37, '01214972969', 'UDPM', 'K14'),
(39, '01682836876', 'UDPM', 'K15');

-- --------------------------------------------------------

--
-- Table structure for table `phong_hoc`
--

CREATE TABLE IF NOT EXISTS `phong_hoc` (
  `ma_phong` char(10) COLLATE utf8_unicode_ci NOT NULL,
  `ten_phong` varchar(200) COLLATE utf8_unicode_ci NOT NULL,
  PRIMARY KEY (`ma_phong`)
) ENGINE=InnoDB DEFAULT CHARSET=utf8 COLLATE=utf8_unicode_ci;

--
-- Dumping data for table `phong_hoc`
--

INSERT INTO `phong_hoc` (`ma_phong`, `ten_phong`) VALUES
('H1', 'H1'),
('H2', 'H2'),
('HT1', 'H·ªôi Tr∆∞·ªùng 1'),
('HT2', 'H·ªôi Tr∆∞·ªùng 2'),
('HT3', 'H·ªôi Tr∆∞·ªùng 3');

-- --------------------------------------------------------

--
-- Table structure for table `so_theo_doi`
--

CREATE TABLE IF NOT EXISTS `so_theo_doi` (
  `ma_theodoi` int(11) NOT NULL AUTO_INCREMENT,
  `ngay` date NOT NULL,
  `ma_buoi` char(10) COLLATE utf8_unicode_ci NOT NULL DEFAULT 'SANG',
  `ma_lop` char(20) COLLATE utf8_unicode_ci NOT NULL,
  `sdt` char(11) COLLATE utf8_unicode_ci NOT NULL,
  `ma_khoa` char(11) COLLATE utf8_unicode_ci NOT NULL,
  `ma_mon` char(30) COLLATE utf8_unicode_ci NOT NULL,
  `ma_phong` char(10) COLLATE utf8_unicode_ci NOT NULL,
  `loai` char(5) COLLATE utf8_unicode_ci NOT NULL DEFAULT 'LT',
  `quan_so` int(11) NOT NULL,
  `hien_dien` int(11) NOT NULL,
  `vang` int(11) NOT NULL,
  `danh_sach_vang` text COLLATE utf8_unicode_ci NOT NULL,
  `de_cuong` int(11) NOT NULL DEFAULT '0',
  `giao_an` int(11) NOT NULL DEFAULT '0',
  `so_tay` int(11) NOT NULL DEFAULT '0',
  `ghi_chu` text COLLATE utf8_unicode_ci,
  PRIMARY KEY (`ngay`,`ma_buoi`,`ma_lop`,`sdt`,`ma_khoa`,`ma_mon`),
  UNIQUE KEY `ma_theodoi` (`ma_theodoi`),
  KEY `FK_Relationship_1` (`sdt`),
  KEY `FK_Relationship_3` (`ma_phong`),
  KEY `FK_Relationship_4` (`ma_mon`),
  KEY `ma_khoa` (`ma_khoa`),
  KEY `ma_lop` (`ma_lop`),
  KEY `ma_buoi` (`ma_buoi`)
) ENGINE=InnoDB  DEFAULT CHARSET=utf8 COLLATE=utf8_unicode_ci AUTO_INCREMENT=10 ;

--
-- Dumping data for table `so_theo_doi`
--

INSERT INTO `so_theo_doi` (`ma_theodoi`, `ngay`, `ma_buoi`, `ma_lop`, `sdt`, `ma_khoa`, `ma_mon`, `ma_phong`, `loai`, `quan_so`, `hien_dien`, `vang`, `danh_sach_vang`, `de_cuong`, `giao_an`, `so_tay`, `ghi_chu`) VALUES
(5, '2015-06-21', 'CHIEU', 'KTSCLRMT', '01214972969', 'K14', 'PTTKHTTT', 'H1', 'TH', 8, 8, 0, '', 1, 1, 1, ''),
(7, '2015-06-21', 'CHIEU', 'KTSCLRMT', '01214972969', 'K14', 'TKW', 'H1', 'LT', 8, 8, 0, '', 1, 1, 1, ''),
(9, '2015-06-21', 'CHIEU', 'UDPM', '01214972969', 'K14', 'PTTKHTTT', 'H1', 'TH', 11, 8, 3, '', 1, 1, 1, ''),
(4, '2015-06-21', 'SANG', 'KTSCLRMT', '01214972969', 'K14', 'PTTKHTTT', 'H1', 'LT', 8, 8, 0, '', 1, 1, 1, ''),
(6, '2015-06-21', 'SANG', 'KTSCLRMT', '01214972969', 'K14', 'TKW', 'H1', 'LT', 8, 7, 1, '', 1, 1, 1, ''),
(8, '2015-06-21', 'SANG', 'UDPM', '01214972969', 'K14', 'PTTKHTTT', 'H1', 'LT', 11, 11, 0, '', 1, 1, 1, ''),
(2, '2015-06-22', 'CHIEU', 'KTSCLRMT', '01214972969', 'K14', 'PTTKHTTT', 'H2', 'TH', 8, 6, 2, '', 1, 1, 1, ''),
(1, '2015-06-22', 'SANG', 'KTSCLRMT', '01214972969', 'K14', 'PTTKHTTT', 'H1', 'LT', 8, 7, 1, '', 1, 1, 1, ''),
(3, '2015-06-22', 'SANG', 'KTSCLRMT', '01214972969', 'K14', 'TKW', 'H1', 'LT', 8, 7, 1, '', 1, 1, 1, '');

--
-- Constraints for dumped tables
--

--
-- Constraints for table `ds_hv_vang`
--
ALTER TABLE `ds_hv_vang`
  ADD CONSTRAINT `ds_hv_vang_ibfk_2` FOREIGN KEY (`ma_hocvien`) REFERENCES `hoc_vien` (`ma_hocvien`) ON DELETE CASCADE ON UPDATE CASCADE,
  ADD CONSTRAINT `ds_hv_vang_ibfk_3` FOREIGN KEY (`ma_theodoi`) REFERENCES `so_theo_doi` (`ma_theodoi`) ON DELETE CASCADE ON UPDATE CASCADE;

--
-- Constraints for table `hoc_vien`
--
ALTER TABLE `hoc_vien`
  ADD CONSTRAINT `hoc_vien_ibfk_1` FOREIGN KEY (`ma_pc_cn`) REFERENCES `phan_cong_cn` (`ma_pc_cn`) ON DELETE CASCADE ON UPDATE CASCADE;

--
-- Constraints for table `phan_cong`
--
ALTER TABLE `phan_cong`
  ADD CONSTRAINT `phan_cong_ibfk_1` FOREIGN KEY (`sdt`) REFERENCES `giao_vien` (`sdt`) ON DELETE CASCADE ON UPDATE CASCADE,
  ADD CONSTRAINT `phan_cong_ibfk_2` FOREIGN KEY (`ma_mon`) REFERENCES `mon_hoc` (`ma_mon`) ON DELETE CASCADE ON UPDATE CASCADE;

--
-- Constraints for table `phan_cong_cn`
--
ALTER TABLE `phan_cong_cn`
  ADD CONSTRAINT `phan_cong_cn_ibfk_2` FOREIGN KEY (`ma_lop`) REFERENCES `lop` (`ma_lop`) ON DELETE CASCADE ON UPDATE CASCADE,
  ADD CONSTRAINT `phan_cong_cn_ibfk_3` FOREIGN KEY (`ma_khoa`) REFERENCES `khoa_hoc` (`ma_khoa`) ON DELETE CASCADE ON UPDATE CASCADE,
  ADD CONSTRAINT `phan_cong_cn_ibfk_4` FOREIGN KEY (`sdt`) REFERENCES `giao_vien` (`sdt`) ON DELETE CASCADE ON UPDATE CASCADE;

--
-- Constraints for table `so_theo_doi`
--
ALTER TABLE `so_theo_doi`
  ADD CONSTRAINT `so_theo_doi_ibfk_10` FOREIGN KEY (`ma_lop`) REFERENCES `phan_cong_cn` (`ma_lop`) ON DELETE CASCADE ON UPDATE CASCADE,
  ADD CONSTRAINT `so_theo_doi_ibfk_4` FOREIGN KEY (`ma_phong`) REFERENCES `phong_hoc` (`ma_phong`) ON DELETE CASCADE ON UPDATE CASCADE,
  ADD CONSTRAINT `so_theo_doi_ibfk_7` FOREIGN KEY (`ma_mon`) REFERENCES `phan_cong` (`ma_mon`) ON DELETE CASCADE ON UPDATE CASCADE,
  ADD CONSTRAINT `so_theo_doi_ibfk_8` FOREIGN KEY (`sdt`) REFERENCES `phan_cong` (`sdt`) ON DELETE CASCADE ON UPDATE CASCADE,
  ADD CONSTRAINT `so_theo_doi_ibfk_9` FOREIGN KEY (`ma_khoa`) REFERENCES `phan_cong_cn` (`ma_khoa`) ON DELETE CASCADE ON UPDATE CASCADE;

/*!40101 SET CHARACTER_SET_CLIENT=@OLD_CHARACTER_SET_CLIENT */;
/*!40101 SET CHARACTER_SET_RESULTS=@OLD_CHARACTER_SET_RESULTS */;
/*!40101 SET COLLATION_CONNECTION=@OLD_COLLATION_CONNECTION */;
